{"cameraMode":{"drawMode":0,"name":"Shaded","section":"Shading Mode"},"sceneLighting":false,"audioPlay":false,"sceneViewState":{"showFog":true,"showMaterialUpdate":false,"showSkybox":true,"showFlares":true,"showImageEffects":true,"showParticleSystems":true},"in2DMode":false,"pivot":{"x":657.914794921875,"y":3230.64306640625,"z":4.92425537109375},"rotation":{"x":0.01830659806728363,"y":0.014992485754191876,"z":-0.0002745516540016979,"w":0.9997199773788452},"size":323.5765686035156,"orthographic":false}