{"cameraMode":{"drawMode":0,"name":"Shaded","section":"Shading Mode"},"sceneLighting":false,"audioPlay":false,"sceneViewState":{"showFog":true,"showMaterialUpdate":false,"showSkybox":true,"showFlares":true,"showImageEffects":true,"showParticleSystems":true},"in2DMode":false,"pivot":{"x":1251.359619140625,"y":3280.22998046875,"z":-3.305908203125},"rotation":{"x":0.031804159283638,"y":0.002994044916704297,"z":-0.00009528546070214361,"w":0.9994896650314331},"size":2442.814453125,"orthographic":false}