{"cameraMode":{"drawMode":0,"name":"Shaded","section":"Shading Mode"},"sceneLighting":false,"audioPlay":false,"sceneViewState":{"showFog":true,"showMaterialUpdate":false,"showSkybox":true,"showFlares":true,"showImageEffects":true,"showParticleSystems":true},"in2DMode":false,"pivot":{"x":781.148193359375,"y":3666.803955078125,"z":26.2421875},"rotation":{"x":0.0048097106628119949,"y":0.0014957423554733396,"z":-0.000007211277988972142,"w":0.9999873638153076},"size":1512.68310546875,"orthographic":false}